object_name,object_mass,object_thrust,resultantForce,acceleration
Deedee,807,5,0,0
Kaja,435,9,0,0
Kirstin,67,29,0,0
Henriette,192,28,0,0
Orelia,934,14,0,0
Ketti,883,39,0,0
Mireielle,942,29,0,0
Queenie,414,34,0,0
Cissiee,140,45,0,0
Andeee,551,6,0,0
Imojean,577,48,0,0
Maisey,6,44,0,0
Devina,430,9,0,0
Annaliese,863,39,0,0
Raquela,554,10,0,0
Justinn,157,26,0,0
Molli,190,23,0,0
Yolane,104,10,0,0
Therine,673,30,0,0
Tressa,901,15,0,0
Gerrie,560,19,0,0
Jaclyn,969,43,0,0
Paule,758,39,0,0
Flo,970,38,0,0
Elyssa,320,49,0,0
Cindelyn,157,15,0,0
Shandie,3,27,0,0
Meg,295,49,0,0
Elora,800,18,0,0
Bibby,123,19,0,0
Margarette,510,13,0,0
Mallory,977,34,0,0
Sharlene,669,31,0,0
Teddie,753,8,0,0
Charmaine,563,38,0,0
Starla,984,47,0,0
Hildegaard,491,26,0,0
Evaleen,455,46,0,0
Joeann,64,14,0,0
Teriann,222,50,0,0
Andeee,336,8,0,0
Sidoney,417,45,0,0
Elbertina,29,13,0,0
Elie,443,26,0,0
Pamella,760,36,0,0
Ursulina,532,34,0,0
Trixi,925,37,0,0
Jean,230,29,0,0
Constance,2,32,0,0
Antonietta,834,9,0,0
Harmonia,719,6,0,0
Sharai,484,5,0,0
Shaine,649,35,0,0
Sherrie,358,43,0,0
Alexine,463,31,0,0
Wynne,41,46,0,0
Marylou,122,24,0,0
Quintina,823,21,0,0
Cassandra,928,30,0,0
Angelique,559,21,0,0
Marnia,703,18,0,0
Dacia,371,47,0,0
Jan,911,18,0,0
Hollie,269,24,0,0
Drucie,641,13,0,0
Beverley,455,32,0,0
Letizia,702,22,0,0
Sissy,658,35,0,0
Lorenza,850,41,0,0
Sam,245,11,0,0
Jillayne,993,32,0,0
Cathyleen,308,23,0,0
Trudie,856,16,0,0
Patricia,936,41,0,0
Damaris,303,47,0,0
Lyssa,935,11,0,0
Verla,721,20,0,0
Georgetta,603,39,0,0
Alex,417,44,0,0
Jessamyn,908,32,0,0
Aimil,383,5,0,0
Lonnie,703,42,0,0
Louella,773,47,0,0
Chickie,567,17,0,0
Gerrie,808,13,0,0
Georgetta,535,20,0,0
Deloria,543,12,0,0
Carly,361,49,0,0
Lucy,614,45,0,0
Priscilla,718,23,0,0
Angela,468,8,0,0
Therine,58,35,0,0
Gabriellia,295,15,0,0
Marti,233,7,0,0
Nannie,590,42,0,0
Myrtice,319,36,0,0
Bernie,20,9,0,0
Jean,227,47,0,0
Ellette,105,38,0,0
Lindie,62,22,0,0
Calla,560,30,0,0
Calla,267,18,0,0
Janis,763,33,0,0
Heida,922,20,0,0
Kathy,456,42,0,0
Feliza,596,24,0,0
Olwen,813,15,0,0
Bernie,904,20,0,0
Viviene,940,46,0,0
Leia,861,5,0,0
Heddie,792,34,0,0
Latisha,617,10,0,0
Chrystel,834,36,0,0
Bee,233,30,0,0
Tina,537,16,0,0
Tamqrah,333,20,0,0
Violet,185,44,0,0
Nita,31,26,0,0
Consuela,442,21,0,0
Kassey,531,8,0,0
Dione,197,43,0,0
Ottilie,448,10,0,0
Addia,141,27,0,0
Ardenia,158,17,0,0
Viki,52,7,0,0
Tressa,306,42,0,0
Lucille,684,32,0,0
Lusa,9,46,0,0
Kristan,751,13,0,0
Carmela,513,38,0,0
Deloria,715,48,0,0
Kirbee,617,27,0,0
Anthia,194,49,0,0
Violet,446,22,0,0
Lesly,829,50,0,0
Ginnie,33,10,0,0
Daryl,435,9,0,0
Caritta,716,13,0,0
Hannis,568,24,0,0
Gilligan,79,27,0,0
Shauna,776,48,0,0
Dacia,786,44,0,0
Mathilda,427,16,0,0
Cordi,547,34,0,0
Mary,429,19,0,0
Danny,563,29,0,0
Marylou,586,19,0,0
Jaime,910,5,0,0
Maye,46,8,0,0
Noelle,636,10,0,0
Clo,631,5,0,0
Luci,205,7,0,0
Flory,305,47,0,0
Henriette,723,42,0,0
Talya,369,18,0,0
Lusa,411,38,0,0
Joceline,647,13,0,0
Wileen,467,48,0,0
Di,216,46,0,0
Clo,775,32,0,0
Kary,614,34,0,0
Krystle,240,34,0,0
Hildegaard,998,7,0,0
Kaia,169,33,0,0
Jean,619,23,0,0
Sheree,240,49,0,0
Lesly,805,13,0,0
Pollyanna,532,17,0,0
Bibby,12,6,0,0
Yvonne,355,43,0,0
Molli,926,6,0,0
Beth,238,36,0,0
Elena,806,49,0,0
Roseline,350,8,0,0
Jennica,487,10,0,0
Brana,899,7,0,0
Mureil,668,13,0,0
Michaelina,600,21,0,0
Codie,976,38,0,0
Miquela,390,30,0,0
Gwyneth,74,49,0,0
Frieda,279,9,0,0
Myriam,581,26,0,0
Sharai,659,24,0,0
Gabriellia,177,40,0,0
Elka,460,30,0,0
Dulce,442,23,0,0
Ruthe,848,6,0,0
Felice,94,22,0,0
Dorothy,927,37,0,0
Estell,885,24,0,0
Meghann,698,27,0,0
Linet,364,45,0,0
Norine,782,45,0,0
Clo,269,17,0,0
Giustina,981,32,0,0
Blake,10,7,0,0
Vivia,613,22,0,0
Lindie,206,6,0,0
Tracey,719,25,0,0
Claresta,403,27,0,0
Flory,782,35,0,0
Kerrin,395,50,0,0
Tamqrah,648,45,0,0
Mellicent,563,43,0,0
Angelique,128,47,0,0
Evita,285,15,0,0
Doralynne,7,26,0,0
Audrie,117,6,0,0
Flo,148,20,0,0
Elsie,262,41,0,0
Minda,496,47,0,0
Roberta,864,49,0,0
Gianina,512,28,0,0
Teddie,702,40,0,0
Alameda,960,20,0,0
Mary,937,43,0,0
Caritta,35,22,0,0
Corene,405,9,0,0
Ofilia,124,28,0,0
Annaliese,689,40,0,0
Tori,770,22,0,0
Lacie,126,10,0,0
Maridel,237,34,0,0
Gretal,911,46,0,0
Nanete,218,37,0,0
Shannah,653,16,0,0
Therine,307,49,0,0
Audrie,439,50,0,0
Marsiella,890,20,0,0
Kathy,192,47,0,0
Alameda,324,24,0,0
Rosene,991,8,0,0
Viviene,947,30,0,0
Addia,230,37,0,0
Georgina,617,10,0,0
Hollie,388,36,0,0
Kathy,212,28,0,0
Minne,703,17,0,0
Madalyn,851,35,0,0
Adriana,432,44,0,0
Jessamyn,500,33,0,0
Minda,529,6,0,0
Danny,60,13,0,0
Gwyneth,917,10,0,0
Kirstin,419,48,0,0
Cathie,871,28,0,0
Andeee,308,48,0,0
Bobbi,458,44,0,0
Hope,917,17,0,0
Carlie,902,6,0,0
Annaliese,557,23,0,0
Althea,312,29,0,0
Dianemarie,375,49,0,0
Kary,111,26,0,0
June,380,22,0,0
Annora,300,29,0,0
Amii,147,44,0,0
Ardeen,306,9,0,0
Merle,976,50,0,0
Petronia,424,16,0,0
Vinita,323,50,0,0
Charissa,135,32,0,0
Kylynn,400,11,0,0
Ginnie,828,19,0,0
Roxane,809,41,0,0
Kathi,441,5,0,0
Miquela,875,36,0,0
Pearline,723,25,0,0
Edyth,139,15,0,0
Carree,341,8,0,0
Flo,959,5,0,0
Carlie,55,44,0,0
Tina,689,43,0,0
Jackie,507,27,0,0
Margarette,137,47,0,0
Gretal,963,15,0,0
Joleen,637,34,0,0
Dagmar,880,28,0,0
Tani,481,16,0,0
Siana,83,47,0,0
Leona,426,14,0,0
Bibby,686,10,0,0
Diena,142,9,0,0
Yvonne,514,32,0,0
Cyb,417,41,0,0
Meg,460,40,0,0
Wanda,973,34,0,0
Merrie,710,50,0,0
Dale,721,49,0,0
Abbie,113,26,0,0
Brynna,71,16,0,0
Lauryn,511,5,0,0
Cherilyn,513,21,0,0
Madeleine,881,13,0,0
Anica,458,33,0,0
Viviene,626,43,0,0
Fred,789,48,0,0
Cindelyn,119,31,0,0
Micheline,544,45,0,0
Annecorinne,645,26,0,0
Kerrin,584,30,0,0
Maryellen,612,50,0,0
Bee,319,24,0,0
Ariela,357,21,0,0
Lynde,220,20,0,0
Kathi,268,45,0,0
Stacey,147,29,0,0
Lusa,568,17,0,0
Corene,858,48,0,0
Goldie,630,32,0,0
Mamie,703,16,0,0
Elena,225,40,0,0
Ileana,783,26,0,0
Jeanna,502,16,0,0
Shandie,910,31,0,0
Bettine,795,10,0,0
Dione,28,44,0,0
Hope,140,22,0,0
Selia,5,15,0,0
Joy,846,16,0,0
Oona,395,14,0,0
Estell,211,12,0,0
Fanchon,990,34,0,0
Edyth,752,24,0,0
Miquela,423,30,0,0
Alia,691,27,0,0
Shel,171,12,0,0
Leona,35,36,0,0
Linzy,990,5,0,0
Beth,393,35,0,0
Reeba,369,41,0,0
Shaylyn,531,50,0,0
Malina,813,37,0,0
Hyacinthe,726,42,0,0
Winifred,981,44,0,0
Ellette,735,7,0,0
Vanessa,253,9,0,0
Georgetta,633,32,0,0
Kary,421,19,0,0
Doralynne,470,21,0,0
Gusty,504,46,0,0
Ann-Marie,842,50,0,0
Susette,310,26,0,0
Margalo,865,48,0,0
Jacenta,964,22,0,0
Hildegaard,942,39,0,0
Juliane,443,9,0,0
Chrystel,789,25,0,0
Celene,287,47,0,0
Sue,292,30,0,0
Ottilie,944,41,0,0
Belinda,242,32,0,0
Rayna,421,44,0,0
Sadie,949,13,0,0
Sarette,2,39,0,0
Cathie,504,8,0,0
Rori,991,22,0,0
Oona,426,40,0,0
Verla,333,33,0,0
Sophia,622,13,0,0
Amii,64,37,0,0
Myrtice,415,5,0,0
Frances,417,26,0,0
Aeriela,35,30,0,0
Coral,245,50,0,0
Bill,470,48,0,0
Kelly,196,49,0,0
Renie,327,36,0,0
Nyssa,696,45,0,0
Layla,446,15,0,0
Meriel,924,6,0,0
Louella,939,37,0,0
Gretal,316,39,0,0
Aurelie,831,50,0,0
Fanchon,777,15,0,0
Darlleen,325,20,0,0
Sonni,389,28,0,0
Clary,135,44,0,0
Zia,386,42,0,0
Loree,39,44,0,0
Stevana,106,11,0,0
Melanie,244,26,0,0
Phedra,495,15,0,0
Cindelyn,549,39,0,0
Renae,143,7,0,0
Brooks,555,45,0,0
Berta,886,24,0,0
Sue,784,46,0,0
Beverley,311,37,0,0
Anthia,620,32,0,0
Concettina,31,13,0,0
Carly,653,6,0,0
Jennica,561,16,0,0
Helena,943,45,0,0
Mara,196,14,0,0
Mariele,551,36,0,0
Bibby,678,26,0,0
Alyda,149,15,0,0
Clementine,606,34,0,0
Marnia,219,44,0,0
Celestyna,77,50,0,0
Chandra,699,6,0,0
Kenna,723,32,0,0
Nicoli,724,21,0,0
Aimil,708,50,0,0
Yetty,939,31,0,0
Shauna,809,19,0,0
Marcy,105,42,0,0
Doralynne,434,6,0,0
Nerta,908,16,0,0
Esmeralda,310,48,0,0
Marylou,652,32,0,0
Tiffie,365,8,0,0
Zaria,81,24,0,0
Codie,958,28,0,0
Adore,365,12,0,0
Mariele,271,45,0,0
Wendi,911,9,0,0
Myrtice,919,8,0,0
Therine,391,7,0,0
Tressa,32,38,0,0
Clo,429,20,0,0
Lulita,669,38,0,0
Layla,116,26,0,0
Kirstin,581,34,0,0
Drucie,170,17,0,0
Julieta,795,32,0,0
Veda,680,38,0,0
Tilly,27,36,0,0
Joy,513,45,0,0
Lisette,74,49,0,0
Kaia,390,47,0,0
Pearline,197,40,0,0
Noelle,244,31,0,0
Nelle,972,10,0,0
Madalyn,806,17,0,0
Mignon,535,16,0,0
Carmela,538,35,0,0
Iseabal,460,45,0,0
Lulita,332,6,0,0
Shaylyn,325,16,0,0
Annora,644,35,0,0
Rosaline,281,42,0,0
Caryl,918,40,0,0
Chere,614,43,0,0
Laure,731,10,0,0
Bettine,292,11,0,0
Tarra,392,5,0,0
Bernardine,720,29,0,0
Annice,781,21,0,0
Madelle,636,34,0,0
Lisette,993,45,0,0
Kristina,962,6,0,0
Merry,358,6,0,0
Andeee,59,47,0,0
Hollie,3,25,0,0
Shannah,568,9,0,0
Caressa,349,43,0,0
Carmencita,585,39,0,0
Dari,583,16,0,0
Constance,505,46,0,0
Nadine,274,50,0,0
Kamilah,536,44,0,0
Corry,826,8,0,0
Kassey,692,23,0,0
Demetris,530,10,0,0
Zondra,738,18,0,0
Lelah,364,11,0,0
Joelly,405,20,0,0
Genevra,729,50,0,0
Kayla,14,32,0,0
Althea,618,50,0,0
Marline,224,13,0,0
Roz,337,24,0,0
Myriam,461,22,0,0
Edith,164,24,0,0
Odessa,182,27,0,0
Helsa,396,50,0,0
Elise,439,43,0,0
Mahalia,997,26,0,0
Belva,588,46,0,0
Jany,541,41,0,0
Ilse,100,27,0,0
Teddie,642,40,0,0
Blondelle,824,19,0,0
Tera,568,33,0,0
Tersina,245,15,0,0
Hyacinthe,667,23,0,0
Marita,54,49,0,0
Lanae,827,43,0,0
Noelle,280,44,0,0
Vonny,715,43,0,0
Arlina,980,10,0,0
Robinia,269,43,0,0
Wanda,674,29,0,0
Kaia,50,9,0,0
Mignon,218,20,0,0
Oralee,805,15,0,0
Katharina,228,18,0,0
Ezmeralda,168,28,0,0
Sabina,117,45,0,0
Gwyneth,500,29,0,0
Dominga,176,26,0,0
Carree,319,40,0,0
Lulita,384,28,0,0
Gaylene,109,18,0,0
Agnese,768,48,0,0
Suzette,967,41,0,0
Paola,96,20,0,0
Lizzie,7,44,0,0
Sharlene,594,45,0,0
Sherrie,748,36,0,0
Gwenneth,506,50,0,0
Norine,521,44,0,0
Raina,638,25,0,0
Marti,326,39,0,0
Kathi,98,11,0,0
Millie,550,25,0,0
Josephine,85,50,0,0
Odessa,779,29,0,0
Karlee,264,37,0,0
Vere,321,39,0,0
Florie,657,49,0,0
Goldie,610,43,0,0
Jaime,679,34,0,0
Marylou,194,49,0,0
Layla,340,12,0,0
Madeleine,359,27,0,0
Janenna,588,20,0,0
Gerianna,854,30,0,0
Nannie,592,46,0,0
Raina,951,49,0,0
Laurene,417,44,0,0
Amii,357,24,0,0
Sandie,79,18,0,0
Daphne,154,36,0,0
Frieda,649,48,0,0
Cathyleen,431,40,0,0
Marjie,997,28,0,0
Yetty,510,28,0,0
Yolane,599,10,0,0
Dolli,7,22,0,0
Wileen,222,27,0,0
Stephanie,659,22,0,0
Demetris,816,39,0,0
Karina,924,16,0,0
Linzy,47,34,0,0
Lorne,625,15,0,0
Esmeralda,528,35,0,0
Vita,271,47,0,0
Nannie,4,21,0,0
Paulita,238,23,0,0
Tierney,468,27,0,0
Ruthe,301,25,0,0
Jerry,486,28,0,0
Kimberley,108,39,0,0
Malina,840,13,0,0
Darci,860,29,0,0
Celestyna,49,40,0,0
Aaren,918,39,0,0
Philis,956,40,0,0
Angela,323,8,0,0
Miquela,422,43,0,0
Tilly,884,12,0,0
Leeanne,282,26,0,0
Heddie,721,35,0,0
Sindee,728,8,0,0
Lisette,209,50,0,0
Olivette,226,5,0,0
Ivett,654,50,0,0
Annora,354,8,0,0
Lilith,537,41,0,0
Kaja,262,14,0,0
Nariko,699,22,0,0
Dorothy,705,19,0,0
Georgina,555,40,0,0
Maryellen,955,26,0,0
Shandie,903,18,0,0
Merle,87,42,0,0
Reeba,688,39,0,0
Dianemarie,354,33,0,0
Tersina,812,25,0,0
Margarette,98,19,0,0
Kirbee,252,17,0,0
Corly,686,40,0,0
Danny,314,25,0,0
Oona,93,14,0,0
Nonnah,57,21,0,0
Meriel,931,6,0,0
Norine,878,26,0,0
Fidelia,223,43,0,0
Leeanne,462,21,0,0
Hettie,219,48,0,0
Karlee,879,14,0,0
Xylina,960,7,0,0
Laure,704,40,0,0
Ira,577,9,0,0
Sidoney,783,41,0,0
Amii,949,49,0,0
Chloris,40,15,0,0
Lorne,901,21,0,0
Krystle,674,9,0,0
Willetta,71,31,0,0
Hollie,555,16,0,0
Shaylyn,547,38,0,0
Kenna,999,35,0,0
Ermengarde,145,37,0,0
Pamella,900,25,0,0
Dacia,623,31,0,0
Kylynn,942,24,0,0
Ezmeralda,612,18,0,0
Justinn,488,19,0,0
Mamie,954,38,0,0
Carlie,688,12,0,0
Rosaline,664,14,0,0
Bill,422,7,0,0
Calla,261,35,0,0
Clementine,601,36,0,0
Talya,513,48,0,0
Fanchon,831,37,0,0
Berget,198,7,0,0
Kittie,162,14,0,0
Nyssa,68,29,0,0
Adelle,978,48,0,0
Lusa,842,35,0,0
Aurore,439,37,0,0
Angelique,701,39,0,0
Jessy,554,49,0,0
Daphne,572,6,0,0
Marita,79,5,0,0
Sue,777,6,0,0
Gretal,612,10,0,0
Elie,778,37,0,0
Wynne,397,47,0,0
Nanete,486,45,0,0
Orsola,348,12,0,0
Tilly,23,9,0,0
Konstance,86,20,0,0
Dominga,356,33,0,0
Anica,680,28,0,0
Adelle,645,32,0,0
Adore,653,8,0,0
Mamie,804,16,0,0
Diena,136,8,0,0
Delilah,225,16,0,0
Angelique,712,28,0,0
Sheree,36,38,0,0
Vivia,939,29,0,0
Violet,183,48,0,0
Jennica,671,9,0,0
Ruthe,814,9,0,0
Philis,308,29,0,0
Felice,688,45,0,0
Esmeralda,672,16,0,0
Blake,368,5,0,0
Dominga,567,13,0,0
Dyann,993,17,0,0
Cherrita,734,41,0,0
Lanae,599,35,0,0
Marti,34,22,0,0
Ardys,788,20,0,0
Norine,300,18,0,0
Rayna,128,46,0,0
Abbie,779,5,0,0
Blinni,478,50,0,0
Minda,526,6,0,0
Molli,906,11,0,0
Ingrid,722,48,0,0
Viki,754,31,0,0
Marylou,449,32,0,0
Vinita,975,11,0,0
Corina,246,24,0,0
Meg,665,32,0,0
Steffane,336,30,0,0
Averyl,245,22,0,0
Jessamyn,724,47,0,0
Clo,777,47,0,0
Ricky,833,14,0,0
Althea,774,9,0,0
Ebonee,678,8,0,0
Tobe,327,21,0,0
Chloris,279,39,0,0
Arabel,123,8,0,0
Doro,406,13,0,0
Tera,535,28,0,0
Florencia,414,42,0,0
Vevay,153,6,0,0
Max,95,27,0,0
Gwenneth,914,41,0,0
Georgina,940,12,0,0
Dotty,403,22,0,0
Katleen,941,37,0,0
Carilyn,371,37,0,0
Violet,738,26,0,0
Dale,609,19,0,0
Edee,195,23,0,0
Chrystel,845,47,0,0
Heddie,549,29,0,0
Kylynn,423,23,0,0
Marcy,826,39,0,0
Esmeralda,153,50,0,0
Helena,386,38,0,0
Adriana,853,6,0,0
Laurene,375,10,0,0
Drucie,184,11,0,0
Shirlee,349,42,0,0
Alejandra,70,10,0,0
Kylynn,367,28,0,0
Kate,68,11,0,0
Lilith,269,10,0,0
Jany,400,36,0,0
Daryl,773,31,0,0
Lanae,27,22,0,0
Kathi,625,21,0,0
Gui,919,29,0,0
Zia,599,48,0,0
Emelina,551,13,0,0
Sonni,118,21,0,0
Romona,618,37,0,0
Tybie,88,9,0,0
Estell,612,14,0,0
Emma,127,30,0,0
Viki,612,15,0,0
Raina,669,29,0,0
Lizzie,763,14,0,0
Gilda,29,40,0,0
Cyb,246,39,0,0
Elka,848,19,0,0
Briney,86,48,0,0
Catrina,194,12,0,0
Addia,587,17,0,0
Aeriela,323,24,0,0
Dagmar,336,15,0,0
Ginnie,842,38,0,0
Romona,338,48,0,0
Atlanta,372,30,0,0
Gabriellia,463,33,0,0
Orelia,38,49,0,0
Cindelyn,641,34,0,0
Jackie,903,41,0,0
Orsola,369,48,0,0
Cindelyn,235,6,0,0
Johna,779,32,0,0
Emylee,296,28,0,0
Gloria,899,49,0,0
Nonnah,601,27,0,0
Ellette,385,7,0,0
Dorothy,291,28,0,0
Donetta,77,44,0,0
Paulita,268,14,0,0
Sissy,437,5,0,0
Lorie,621,22,0,0
Nickie,14,20,0,0
Dolli,935,45,0,0
Evaleen,685,40,0,0
Gwyneth,779,50,0,0
Elvira,871,13,0,0
Nicoli,530,31,0,0
Cordi,428,37,0,0
Catrina,625,13,0,0
Elsie,804,46,0,0
Nollie,546,45,0,0
Teriann,435,29,0,0
Dyann,866,6,0,0
Jeanna,598,6,0,0
Sherrie,989,21,0,0
Kate,201,24,0,0
Kristina,527,48,0,0
Aryn,724,40,0,0
Rayna,831,37,0,0
Kerrin,919,11,0,0
Nannie,498,14,0,0
Zia,847,24,0,0
Caryl,405,9,0,0
Vivia,64,9,0,0
Doro,847,23,0,0
Meriel,118,35,0,0
Lisette,210,23,0,0
Florie,989,20,0,0
Halette,590,33,0,0
Konstance,376,46,0,0
Nyssa,675,11,0,0
Sindee,590,5,0,0
Nickie,673,41,0,0
Jolyn,35,6,0,0
Jerry,495,6,0,0
Tracey,675,29,0,0
Sharlene,85,15,0,0
Sybille,300,15,0,0
Tressa,502,40,0,0
Dari,885,11,0,0
Arlina,235,23,0,0
Shell,115,29,0,0
Raina,840,47,0,0
Regina,783,7,0,0
Elsie,388,31,0,0
Cherrita,52,47,0,0
Nikki,186,47,0,0
Juliane,87,6,0,0
Minda,746,21,0,0
Elora,819,23,0,0
Jany,272,40,0,0
Odessa,118,29,0,0
Jenda,955,45,0,0
Helsa,943,25,0,0
Belva,136,22,0,0
Gisela,507,35,0,0
Celestyna,128,11,0,0
Dode,557,6,0,0
Sophia,649,40,0,0
Beatriz,293,41,0,0
Ricky,853,6,0,0
Eugine,618,11,0,0
Carolina,488,13,0,0
Rochette,930,13,0,0
Dorice,836,39,0,0
Glynnis,451,19,0,0
Florencia,173,32,0,0
Larine,413,23,0,0
Annabela,206,28,0,0
Kathi,668,39,0,0
Lorne,988,12,0,0
Wilma,430,21,0,0
Helena,160,28,0,0
Bee,699,45,0,0
Susette,753,22,0,0
Emilia,349,31,0,0
Elfreda,176,40,0,0
Abbie,873,22,0,0
Althea,739,27,0,0
Benita,805,16,0,0
Sybille,731,18,0,0
Elvira,307,30,0,0
Willetta,330,26,0,0
Roseline,874,10,0,0
Sheree,294,45,0,0
Cristine,687,38,0,0
Di,268,49,0,0
Gusty,862,9,0,0
Yetty,783,6,0,0
Brana,35,39,0,0
Dede,141,9,0,0
Cam,163,46,0,0
Johna,79,11,0,0
Larine,781,45,0,0
Barbi,153,13,0,0
Mahalia,745,33,0,0
Marti,716,45,0,0
Millie,714,23,0,0
Tatiania,618,16,0,0
Tersina,93,21,0,0
Gilda,310,35,0,0
Celestyna,720,28,0,0
Ann-Marie,756,22,0,0
Janis,837,31,0,0
Kylynn,865,31,0,0
Nonnah,780,25,0,0
Linet,579,22,0,0
Danny,227,8,0,0
Selma,617,34,0,0
Rhoda,889,41,0,0
Zia,519,18,0,0
Nita,673,21,0,0
Allyce,275,40,0,0
Gwyneth,362,20,0,0
Lisette,447,22,0,0
Maisey,543,31,0,0
Libbie,327,42,0,0
Tilly,884,9,0,0
Abbie,769,9,0,0
Melanie,738,20,0,0
Rozele,406,48,0,0
Shaylyn,651,25,0,0
Cindelyn,632,29,0,0
Mahalia,694,24,0,0
Briney,513,11,0,0
Marinna,75,12,0,0
Babita,663,49,0,0
Blondelle,565,42,0,0
Lyssa,75,12,0,0
Jan,479,18,0,0
Diena,723,20,0,0
Malina,478,33,0,0
Nikki,489,30,0,0
Celisse,337,34,0,0
Arlena,677,26,0,0
Micheline,343,33,0,0
Beth,345,34,0,0
Katuscha,593,20,0,0
Helena,983,28,0,0
Evaleen,125,44,0,0
Renie,105,26,0,0
Zaria,18,10,0,0
Romona,525,28,0,0
Aaren,575,26,0,0
Marcy,103,11,0,0
Gloria,765,7,0,0
Amalie,795,32,0,0
Briney,891,20,0,0
Selma,3,17,0,0
Livvyy,726,30,0,0
Danny,307,35,0,0
Brandise,129,35,0,0
Gwenneth,968,46,0,0
Anica,321,13,0,0
Amalie,391,24,0,0
Perry,152,36,0,0
Basia,424,38,0,0
Charmaine,248,31,0,0
Esmeralda,216,24,0,0
Katharina,671,20,0,0
Brynna,782,41,0,0
Daphne,211,24,0,0
Kaia,906,18,0,0
Hyacinthe,965,42,0,0
Tami,747,20,0,0
Bee,716,18,0,0
Mara,357,47,0,0
Rochette,402,41,0,0
Rani,34,15,0,0
Kelly,224,29,0,0
Kathi,480,20,0,0
Christal,464,24,0,0
Christal,208,22,0,0
Annabela,253,43,0,0
Noelle,451,49,0,0
Renae,607,9,0,0
Frances,226,41,0,0
Harrietta,929,23,0,0
Kathi,811,19,0,0
Alia,653,15,0,0
Thalia,683,26,0,0
Ofilia,126,29,0,0
Bettine,535,46,0,0
Jackie,762,11,0,0
Wendi,61,26,0,0
Priscilla,799,14,0,0
Pollyanna,467,43,0,0
Silvana,874,8,0,0
Candy,580,50,0,0
Flory,423,8,0,0
Nanete,920,40,0,0
Jobi,623,36,0,0
Lenna,798,23,0,0
Orelia,899,20,0,0
Eolanda,816,37,0,0
Louella,422,30,0,0
Cassondra,236,28,0,0
Nikki,580,15,0,0
Ethel,277,18,0,0
Madeleine,940,26,0,0
Elbertina,150,28,0,0
Silvana,963,11,0,0
Maisey,134,38,0,0
Cherilyn,585,45,0,0
Mildrid,341,22,0,0
Tersina,935,5,0,0
Shauna,155,47,0,0
Tersina,359,33,0,0
Lenna,60,11,0,0
Eolanda,382,38,0,0
Lenna,743,29,0,0
Shell,16,22,0,0
Adelle,194,27,0,0
Elvira,944,30,0,0
Melodie,381,23,0,0
Gratia,159,47,0,0
Nelle,673,14,0,0
Veda,24,30,0,0
Jillayne,930,10,0,0
Gretal,81,36,0,0
Rozele,917,50,0,0
Tina,72,44,0,0
Cherrita,15,30,0,0
Amalie,321,48,0,0
Paulita,17,50,0,0
Demetris,119,29,0,0
Wilma,213,25,0,0
Renae,707,24,0,0
Sybille,133,14,0,0
Fayre,977,30,0,0
Quintina,21,48,0,0
Jean,542,20,0,0
Dulcinea,857,43,0,0
Diena,877,44,0,0
Ariela,1,20,0,0
Julieta,998,18,0,0
Phylis,595,31,0,0
Jacquetta,372,37,0,0
Marcy,837,12,0,0
Adelle,570,17,0,0
Feliza,539,26,0,0
Merrie,931,36,0,0
Agnese,788,16,0,0
Orelia,263,13,0,0
Belinda,721,12,0,0
Cissiee,611,44,0,0
Mellicent,55,43,0,0
Lusa,502,36,0,0